Workbook

Sheet Parametros
B2: PARÂMETROS — CBHPM 2025/2026
B4: Valor da UCO (R$) | C4: 29.8
B5: Faixa de negociação | C5: ORIGINAL
B7: Valores de porte — Comunicado Oficial CBHPM/AMB 18/10/2025 (INPC 5,10%) — vigência out/2025 a set/2026
B8: Porte | C8: ORIGINAL | D8: FAIXA I | E8: FAIXA II | F8: FAIXA III
B9: 1A | C9: 26.74 | D9: 28.89 | E9: 33.19 | F9: 33.19
B10: 1B | C10: 53.48 | D10: 57.78 | E10: 71.65 | F10: 91.69
B11: 1C | C11: 80.24 | D11: 86.69 | E11: 116.32 | F11: 131.34
B12: 2A | C12: 107 | D12: 115.59 | E12: 165.8 | F12: 194.63
B13: 2B | C13: 141.05 | D13: 152.38 | E13: 236.9 | F13: 306.3
B14: 2C | C14: 166.92 | D14: 209.42 | E14: 293.78 | F14: 417.59
B15: 3A | C15: 228.07 | D15: 294.7 | E15: 427.97 | F15: 598.27
B16: 3B | C16: 291.5 | D16: 381.79 | E16: 562.41 | F16: 778.96
B17: 3C | C17: 333.81 | D17: 451.99 | E17: 688.38 | F17: 959.65
B18: 4A | C18: 397.28 | D18: 539.11 | E18: 822.81 | F18: 1140.34
B19: 4B | C19: 434.89 | D19: 605.55 | E19: 946.9 | F19: 1321.03
B20: 4C | C20: 491.33 | D20: 687.05 | E20: 1078.52 | F20: 1501.71
... B50: 14C | C50: 6922.36 | D50: 6922.36 | E50: 6922.36 | F50: 6922.36

Sheet Tabela CBHPM
B2: TOTAL QUALITY MEDICINA DIAGNÓSTICA — TABELA DE EXAMES · REFERENCIAL CBHPM
B3: CBHPM 2018 (códigos/portes/UCO) · Valores de porte 2025/2026 (AMB, INPC 5,10%) · UCO = R$ 29,80
B4: Valor Porte e Total recalculam ao alterar a UCO ou a Faixa na aba "Parametros" (células amarelas).
B6: TOMOGRAFIA COMPUTADORIZADA MULTISLICE
B7: Código CBHPM | C7: Exame | D7: Porte | E7: Valor Porte (R$) | F7: Custo Oper. (UCO) | G7: Custo Oper. (R$) | H7: Filme (m²) | I7: TOTAL CBHPM (R$) | J7: Observações
B8: 4.10.01.01-0 | C8: TC - Crânio ou sela túrcica ou órbitas | D8: 3B | E8: =1*INDEX(Parametros!$C$9:$F$50,MATCH("3B",Parametros!$B$9:$B$50,0),MATCH(Parametros!$C$5,Parametros!$C$8:$F$8,0)) -> 291.5 | F8: 19.1 | G8: =F8*Parametros!$C$4 -> 569.18 | H8: 1 | I8: =E8+G8 -> 860.68
B9: 4.10.01.03-6 | C9: TC - Face ou seios da face | D9: 3B | E9: =1*INDEX(Parametros!$C$9:$F$50,MATCH("3B",Parametros!$B$9:$B$50,0),MATCH(Parametros!$C$5,Parametros!$C$8:$F$8,0)) -> 291.5 | F9: 22.38 | G9: =F9*Parametros!$C$4 -> 666.924 | H9: 1 | I9: =E9+G9 -> 958.424
B10: 4.10.01.06-0 | C10: TC - Pescoço (partes moles, laringe, tireoide, faringe e glândulas salivares) | D10: 3B | E10: =1*INDEX(Parametros!$C$9:$F$50,MATCH("3B",Parametros!$B$9:$B$50,0),MATCH(Parametros!$C$5,Parametros!$C$8:$F$8,0)) -> 291.5 | F10: 22.38 | G10: =F10*Parametros!$C$4 -> 666.924 | H10: 1.5 | I10: =E10+G10 -> 958.424
B11: 4.10.01.07-9 | C11: TC - Tórax | D11: 3B | E11: =1*INDEX(Parametros!$C$9:$F$50,MATCH("3B",Parametros!$B$9:$B$50,0),MATCH(Parametros!$C$5,Parametros!$C$8:$F$8,0)) -> 291.5 | F11: 22.38 | G11: =F11*Parametros!$C$4 -> 666.924 | H11: 1.5 | I11: =E11+G11 -> 958.424
B12: 4.10.01.10-9 | C12: TC - Abdome superior | D12: 3B | E12: =1*INDEX(Parametros!$C$9:$F$50,MATCH("3B",Parametros!$B$9:$B$50,0),MATCH(Parametros!$C$5,Parametros!$C$8:$F$8,0)) -> 291.5 | F12: 22.38 | G12: =F12*Parametros!$C$4 -> 666.924 | H12: 1.5 | I12: =E12+G12 -> 958.424
B13: 4.10.01.09-5 | C13: TC - Abdome total (abdome superior, pelve e retroperitônio) | D13: 3C | E13: =1*INDEX(Parametros!$C$9:$F$50,MATCH("3C",Parametros!$B$9:$B$50,0),MATCH(Parametros!$C$5,Parametros!$C$8:$F$8,0)) -> 333.81 | F13: 37.45 | G13: =F13*Parametros!$C$4 -> 1116.01 | H13: 2.5 | I13: =E13+G13 -> 1449.82
B14: 4.10.01.11-7 | C14: TC - Pelve ou bacia | D14: 3A | E14: =1*INDEX(Parametros!$C$9:$F$50,MATCH("3A",Parametros!$B$9:$B$50,0),MATCH(Parametros!$C$5,Parametros!$C$8:$F$8,0)) -> 228.07 | F14: 22.38 | G14: =F14*Parametros!$C$4 -> 666.924 | H14: 1.5 | I14: =E14+G14 -> 894.994
B15: 4.10.01.12-5 | C15: TC - Coluna cervical (código único: cervical ou dorsal ou lombo-sacra até 3 segmentos) | D15: 3A | E15: =1*INDEX(Parametros!$C$9:$F$50,MATCH("3A",Parametros!$B$9:$B$50,0),MATCH(Parametros!$C$5,Parametros!$C$8:$F$8,0)) -> 228.07 | F15: 18.2 | G15: =F15*Parametros!$C$4 -> 542.36 | H15: 1 | I15: =E15+G15 -> 770.43 | J15: Código único p/ cervical, dorsal ou lombo-sacra (até 3 segmentos)
B16: 4.10.01.12-5 | C16: TC - Coluna dorsal (código único: cervical ou dorsal ou lombo-sacra até 3 segmentos) | D16: 3A | E16: =1*INDEX(Parametros!$C$9:$F$50,MATCH("3A",Parametros!$B$9:$B$50,0),MATCH(Parametros!$C$5,Parametros!$C$8:$F$8,0)) -> 228.07 | F16: 18.2 | G16: =F16*Parametros!$C$4 -> 542.36 | H16: 1 | I16: =E16+G16 -> 770.43 | J16: Código único p/ cervical, dorsal ou lombo-sacra (até 3 segmentos)
B17: 4.10.01.12-5 | C17: TC - Coluna lombo-sacra (código único: cervical ou dorsal ou lombo-sacra até 3 segmentos) | D17: 3A | E17: =1*INDEX(Parametros!$C$9:$F$50,MATCH("3A",Parametros!$B$9:$B$50,0),MATCH(Parametros!$C$5,Parametros!$C$8:$F$8,0)) -> 228.07 | F17: 18.2 | G17: =F17*Parametros!$C$4 -> 542.36 | H17: 1 | I17: =E17+G17 -> 770.43 | J17: Código único p/ cervical, dorsal ou lombo-sacra (até 3 segmentos)
B18: 4.10.01.13-3 | C18: TC - Coluna - segmento adicional | D18: 1C | E18: =1*INDEX(Parametros!$C$9:$F$50,MATCH("1C",Parametros!$B$9:$B$50,0),MATCH(Parametros!$C$5,Parametros!$C$8:$F$8,0)) -> 80.24 | F18: 4.28 | G18: =F18*Parametros!$C$4 -> 127.544 | H18: 0.5 | I18: =E18+G18 -> 207.784 | J18: Cobrar por segmento adicional de coluna
B19: 4.10.01.14-1 | C19: TC - Articulação (esternoclavicular ou ombro ou cotovelo ou punho ou sacroilíacas ou coxofemoral ou joelho ou tornozelo) - unilateral | D19: 3A | E19: =1*INDEX(Parametros!$C$9:$F$50,MATCH("3A",Parametros!$B$9:$B$50,0),MATCH(Parametros!$C$5,Parametros!$C$8:$F$8,0)) -> 228.07 | F19: 22.38 | G19: =F19*Parametros!$C$4 -> 666.924 | H19: 1.5 | I19: =E19+G19 -> 894.994
B20: 4.10.01.15-0 | C20: TC - Segmento apendicular (braço ou antebraço ou mão ou coxa ou perna ou pé) - unilateral | D20: 3A | E20: =1*INDEX(Parametros!$C$9:$F$50,MATCH("3A",Parametros!$B$9:$B$50,0),MATCH(Parametros!$C$5,Parametros!$C$8:$F$8,0)) -> 228.07 | F20: 22.38 | G20: =F20*Parametros!$C$4 -> 666.924 | H20: 1.5 | I20: =E20+G20 -> 894.994
C21: Contraste em TC: reembolsado à parte (obs. 4.10.99.00-1) — sem % fixo no porte. TC 'com contraste' = mesmo código + reembolso do contraste.
B23: RAIO-X DIGITAL
B24: Código CBHPM | C24: Exame | D24: Porte | E24: Valor Porte (R$) | F24: Custo Oper. (UCO) | G24: Custo Oper. (R$) | H24: Filme (m²) | I24: TOTAL CBHPM (R$) | J24: Observações
B25: 4.08.05.01-8 | C25: RX - Tórax - 1 incidência | D25: 1B | E25: =1*INDEX(Parametros!$C$9:$F$50,MATCH("1B",Parametros!$B$9:$B$50,0),MATCH(Parametros!$C$5,Parametros!$C$8:$F$8,0)) -> 53.48 | F25: 0.83 | G25: =F25*Parametros!$C$4 -> 24.734 | H25: 0.154 | I25: =E25+G25 -> 78.214
B26: 4.08.05.02-6 | C26: RX - Tórax - 2 incidências | D26: 1B | E26: =1*INDEX(Parametros!$C$9:$F$50,MATCH("1B",Parametros!$B$9:$B$50,0),MATCH(Parametros!$C$5,Parametros!$C$8:$F$8,0)) -> 53.48 | F26: 1.18 | G26: =F26*Parametros!$C$4 -> 35.164 | H26: 0.308 | I26: =E26+G26 -> 88.644
B27: 4.08.02.01-9 | C27: RX - Coluna cervical - 3 incidências | D27: 1B | E27: =1*INDEX(Parametros!$C$9:$F$50,MATCH("1B",Parametros!$B$9:$B$50,0),MATCH(Parametros!$C$5,Parametros!$C$8:$F$8,0)) -> 53.48 | F27: 1.31 | G27: =F27*Parametros!$C$4 -> 39.038 | H27: 0.1296 | I27: =E27+G27 -> 92.518
B28: 4.08.02.03-5 | C28: RX - Coluna dorsal - 2 incidências | D28: 1B | E28: =1*INDEX(Parametros!$C$9:$F$50,MATCH("1B",Parametros!$B$9:$B$50,0),MATCH(Parametros!$C$5,Parametros!$C$8:$F$8,0)) -> 53.48 | F28: 1.4 | G28: =F28*Parametros!$C$4 -> 41.72 | H28: 0.24 | I28: =E28+G28 -> 95.2
B29: 4.08.02.05-1 | C29: RX - Coluna lombo-sacra - 3 incidências | D29: 1B | E29: =1*INDEX(Parametros!$C$9:$F$50,MATCH("1B",Parametros!$B$9:$B$50,0),MATCH(Parametros!$C$5,Parametros!$C$8:$F$8,0)) -> 53.48 | F29: 1.4 | G29: =F29*Parametros!$C$4 -> 41.72 | H29: 0.312 | I29: =E29+G29 -> 95.2
B30: 4.08.01.01-2 | C30: RX - Crânio - 2 incidências | D30: 1B | E30: =1*INDEX(Parametros!$C$9:$F$50,MATCH("1B",Parametros!$B$9:$B$50,0),MATCH(Parametros!$C$5,Parametros!$C$8:$F$8,0)) -> 53.48 | F30: 1.31 | G30: =F30*Parametros!$C$4 -> 39.038 | H30: 0.144 | I30: =E30+G30 -> 92.518
B31: 4.08.01.06-3 | C31: RX - Seios da face | D31: 1B | E31: =1*INDEX(Parametros!$C$9:$F$50,MATCH("1B",Parametros!$B$9:$B$50,0),MATCH(Parametros!$C$5,Parametros!$C$8:$F$8,0)) -> 53.48 | F31: 1.47 | G31: =F31*Parametros!$C$4 -> 43.806 | H31: 0.1296 | I31: =E31+G31 -> 97.286
B32: 4.08.03.12-0 | C32: RX - Mão ou quirodáctilo | D32: 1B | E32: =1*INDEX(Parametros!$C$9:$F$50,MATCH("1B",Parametros!$B$9:$B$50,0),MATCH(Parametros!$C$5,Parametros!$C$8:$F$8,0)) -> 53.48 | F32: 1.22 | G32: =F32*Parametros!$C$4 -> 36.356 | H32: 0.0864 | I32: =E32+G32 -> 89.836
B33: 4.08.03.11-2 | C33: RX - Punho | D33: 1B | E33: =1*INDEX(Parametros!$C$9:$F$50,MATCH("1B",Parametros!$B$9:$B$50,0),MATCH(Parametros!$C$5,Parametros!$C$8:$F$8,0)) -> 53.48 | F33: 1.22 | G33: =F33*Parametros!$C$4 -> 36.356 | H33: 0.1728 | I33: =E33+G33 -> 89.836
B34: 4.08.04.05-4 | C34: RX - Joelho | D34: 1B | E34: =1*INDEX(Parametros!$C$9:$F$50,MATCH("1B",Parametros!$B$9:$B$50,0),MATCH(Parametros!$C$5,Parametros!$C$8:$F$8,0)) -> 53.48 | F34: 1.22 | G34: =F34*Parametros!$C$4 -> 36.356 | H34: 0.144 | I34: =E34+G34 -> 89.836
B35: 4.08.03.07-4 | C35: RX - Articulação escapuloumeral (ombro) | D35: 1B | E35: =1*INDEX(Parametros!$C$9:$F$50,MATCH("1B",Parametros!$B$9:$B$50,0),MATCH(Parametros!$C$5,Parametros!$C$8:$F$8,0)) -> 53.48 | F35: 1.31 | G35: =F35*Parametros!$C$4 -> 39.038 | H35: 0.0864 | I35: =E35+G35 -> 92.518
B36: 4.08.04.03-8 | C36: RX - Articulação coxofemoral (quadril) | D36: 1B | E36: =1*INDEX(Parametros!$C$9:$F$50,MATCH("1B",Parametros!$B$9:$B$50,0),MATCH(Parametros!$C$5,Parametros!$C$8:$F$8,0)) -> 53.48 | F36: 1.31 | G36: =F36*Parametros!$C$4 -> 39.038 | H36: 0.192 | I36: =E36+G36 -> 92.518
... B40: 4.08.03.13-9 | C40: RX - Mãos e punhos para idade óssea | D40: 1B | E40: =1*INDEX(Parametros!$C$9:$F$50,MATCH("1B",Parametros!$B$9:$B$50,0),MATCH(Parametros!$C$5,Parametros!$C$8:$F$8,0)) -> 53.48 | F40: 1.22 | G40: =F40*Parametros!$C$4 -> 36.356 | H40: 0.072 | I40: =E40+G40 -> 89.836
B42: MAMOGRAFIA DIGITAL
B43: Código CBHPM | C43: Exame | D43: Porte | E43: Valor Porte (R$) | F43: Custo Oper. (UCO) | G43: Custo Oper. (R$) | H43: Filme (m²) | I43: TOTAL CBHPM (R$) | J43: Observações
B44: 4.08.08.03-3 | C44: Mamografia convencional bilateral | D44: 2C | E44: =1*INDEX(Parametros!$C$9:$F$50,MATCH("2C",Parametros!$B$9:$B$50,0),MATCH(Parametros!$C$5,Parametros!$C$8:$F$8,0)) -> 166.92 | F44: 2.76 | G44: =F44*Parametros!$C$4 -> 82.248 | H44: 1.2 | I44: =E44+G44 -> 249.168
B45: 4.08.08.04-1 | C45: Mamografia digital bilateral | D45: 2C | E45: =1*INDEX(Parametros!$C$9:$F$50,MATCH("2C",Parametros!$B$9:$B$50,0),MATCH(Parametros!$C$5,Parametros!$C$8:$F$8,0)) -> 166.92 | F45: 6.48 | G45: =F45*Parametros!$C$4 -> 193.104 | H45: 1.2 | I45: =E45+G45 -> 360.024 | J45: Código próprio de mamografia digital
B47: ULTRASSONOGRAFIA GERAL E DOPPLER
B48: Código CBHPM | C48: Exame | D48: Porte | E48: Valor Porte (R$) | F48: Custo Oper. (UCO) | G48: Custo Oper. (R$) | H48: Filme (m²) | I48: TOTAL CBHPM (R$) | J48: Observações
B49: 4.09.01.12-2 | C49: US - Abdome total (abdome superior, rins, bexiga, aorta, veia cava inferior e adrenais) | D49: 3A | E49: =1*INDEX(Parametros!$C$9:$F$50,MATCH("3A",Parametros!$B$9:$B$50,0),MATCH(Parametros!$C$5,Parametros!$C$8:$F$8,0)) -> 228.07 | F49: 5.85 | G49: =F49*Parametros!$C$4 -> 174.33 | H49: 0.68 | I49: =E49+G49 -> 402.4
B50: 4.09.01.13-0 | C50: US - Abdome superior (fígado, vias biliares, vesícula, pâncreas e baço) | D50: 2C | E50: =1*INDEX(Parametros!$C$9:$F$50,MATCH("2C",Parametros!$B$9:$B$50,0),MATCH(Parametros!$C$5,Parametros!$C$8:$F$8,0)) -> 166.92 | F50: 3.86 | G50: =F50*Parametros!$C$4 -> 115.028 | H50: 0.51 | I50: =E50+G50 -> 281.948
B51: 4.09.01.76-9 | C51: US - Aparelho urinário (rins, ureteres e bexiga) | D51: 2B | E51: =1*INDEX(Parametros!$C$9:$F$50,MATCH("2B",Parametros!$B$9:$B$50,0),MATCH(Parametros!$C$5,Parametros!$C$8:$F$8,0)) -> 141.05 | F51: 3.78 | G51: =F51*Parametros!$C$4 -> 112.644 | H51: 0.34 | I51: =E51+G51 -> 253.694
B52: 4.09.01.20-3 | C52: US - Órgãos superficiais (tireoide ou escroto ou pênis ou crânio) | D52: 2A | E52: =1*INDEX(Parametros!$C$9:$F$50,MATCH("2A",Parametros!$B$9:$B$50,0),MATCH(Parametros!$C$5,Parametros!$C$8:$F$8,0)) -> 107 | F52: 3.42 | G52: =F52*Parametros!$C$4 -> 101.916 | H52: 0.17 | I52: =E52+G52 -> 208.916 | J52: Usar p/ tireoide (órgãos superficiais)
B53: 4.09.01.11-4 | C53: US - Mamas | D53: 2B | E53: =1*INDEX(Parametros!$C$9:$F$50,MATCH("2B",Parametros!$B$9:$B$50,0),MATCH(Parametros!$C$5,Parametros!$C$8:$F$8,0)) -> 141.05 | F53: 3.42 | G53: =F53*Parametros!$C$4 -> 101.916 | H53: 0.34 | I53: =E53+G53 -> 242.966
B54: 4.09.01.23-8 | C54: US - Obstétrica | D54: 2A | E54: =1*INDEX(Parametros!$C$9:$F$50,MATCH("2A",Parametros!$B$9:$B$50,0),MATCH(Parametros!$C$5,Parametros!$C$8:$F$8,0)) -> 107 | F54: 2.65 | G54: =F54*Parametros!$C$4 -> 78.97 | H54: 0.17 | I54: =E54+G54 -> 185.97
B55: 4.09.01.24-6 | C55: US - Obstétrica com Doppler colorido | D55: 3A | E55: =1*INDEX(Parametros!$C$9:$F$50,MATCH("3A",Parametros!$B$9:$B$50,0),MATCH(Parametros!$C$5,Parametros!$C$8:$F$8,0)) -> 228.07 | F55: 6.27 | G55: =F55*Parametros!$C$4 -> 186.846 | H55: 0.51 | I55: =E55+G55 -> 414.916
B56: 4.09.01.30-0 | C56: US - Transvaginal (útero, ovário, anexos e vagina) | D56: 2B | E56: =1*INDEX(Parametros!$C$9:$F$50,MATCH("2B",Parametros!$B$9:$B$50,0),MATCH(Parametros!$C$5,Parametros!$C$8:$F$8,0)) -> 141.05 | F56: 3.82 | G56: =F56*Parametros!$C$4 -> 113.836 | H56: 0.17 | I56: =E56+G56 -> 254.886
B57: 4.09.01.18-1 | C57: US - Abdome inferior feminino / pélvica suprapúbica (bexiga, útero, ovário e anexos) | D57: 2B | E57: =1*INDEX(Parametros!$C$9:$F$50,MATCH("2B",Parametros!$B$9:$B$50,0),MATCH(Parametros!$C$5,Parametros!$C$8:$F$8,0)) -> 141.05 | F57: 3.86 | G57: =F57*Parametros!$C$4 -> 115.028 | H57: 0.51 | I57: =E57+G57 -> 256.078
B58: 4.09.01.75-0 | C58: US - Próstata (via abdominal) | D58: 2B | E58: =1*INDEX(Parametros!$C$9:$F$50,MATCH("2B",Parametros!$B$9:$B$50,0),MATCH(Parametros!$C$5,Parametros!$C$8:$F$8,0)) -> 141.05 | F58: 3.41 | G58: =F58*Parametros!$C$4 -> 101.618 | H58: 0.51 | I58: =E58+G58 -> 242.668
B59: 4.09.01.33-5 | C59: US - Próstata transretal (não inclui abdome inferior masculino) | D59: 3A | E59: =1*INDEX(Parametros!$C$9:$F$50,MATCH("3A",Parametros!$B$9:$B$50,0),MATCH(Parametros!$C$5,Parametros!$C$8:$F$8,0)) -> 228.07 | F59: 5.68 | G59: =F59*Parametros!$C$4 -> 169.264 | H59: 0.34 | I59: =E59+G59 -> 397.334
B60: 4.09.01.22-0 | C60: US - Articular (por articulação) | D60: 2B | E60: =1*INDEX(Parametros!$C$9:$F$50,MATCH("2B",Parametros!$B$9:$B$50,0),MATCH(Parametros!$C$5,Parametros!$C$8:$F$8,0)) -> 141.05 | F60: 3.42 | G60: =F60*Parametros!$C$4 -> 101.916 | H60: 0.34 | I60: =E60+G60 -> 242.966
B61: 4.09.01.21-1 | C61: US - Estruturas superficiais / partes moles (cervical ou axila ou músculo ou tendão) | D61: 2A | E61: =1*INDEX(Parametros!$C$9:$F$50,MATCH("2A",Parametros!$B$9:$B$50,0),MATCH(Parametros!$C$5,Parametros!$C$8:$F$8,0)) -> 107 | F61: 3.42 | G61: =F61*Parametros!$C$4 -> 101.916 | H61: 0.17 | I61: =E61+G61 -> 208.916
B62: 4.09.01.36-0 | C62: Doppler colorido de vasos cervicais arteriais bilateral (carótidas e vertebrais) | D62: 4A | E62: =1*INDEX(Parametros!$C$9:$F$50,MATCH("4A",Parametros!$B$9:$B$50,0),MATCH(Parametros!$C$5,Parametros!$C$8:$F$8,0)) -> 397.28 | F62: 8.26 | G62: =F62*Parametros!$C$4 -> 246.148 | H62: 0.68 | I62: =E62+G62 -> 643.428
B63: 4.09.01.48-3 | C63: Doppler colorido venoso de membro inferior - unilateral | D63: 5A | E63: =1*INDEX(Parametros!$C$9:$F$50,MATCH("5A",Parametros!$B$9:$B$50,0),MATCH(Parametros!$C$5,Parametros!$C$8:$F$8,0)) -> 528.93 | F63: 10.81 | G63: =F63*Parametros!$C$4 -> 322.138 | H63: 0.51 | I63: =E63+G63 -> 851.068
B64: 4.09.01.47-5 | C64: Doppler colorido arterial de membro inferior - unilateral | D64: 5A | E64: =1*INDEX(Parametros!$C$9:$F$50,MATCH("5A",Parametros!$B$9:$B$50,0),MATCH(Parametros!$C$5,Parametros!$C$8:$F$8,0)) -> 528.93 | F64: 8.26 | G64: =F64*Parametros!$C$4 -> 246.148 | H64: 0.51 | I64: =E64+G64 -> 775.078
B65: 4.09.01.40-8 | C65: Doppler colorido de aorta e ilíacas | D65: 3C | E65: =1*INDEX(Parametros!$C$9:$F$50,MATCH("3C",Parametros!$B$9:$B$50,0),MATCH(Parametros!$C$5,Parametros!$C$8:$F$8,0)) -> 333.81 | F65: 8.26 | G65: =F65*Parametros!$C$4 -> 246.148 | H65: 0.34 | I65: =E65+G65 -> 579.958
B67: MÉTODOS FUNCIONAIS (MAPA · HOLTER · ECG · EEG · ESPIROMETRIA)
B68: Código CBHPM | C68: Exame | D68: Porte | E68: Valor Porte (R$) | F68: Custo Oper. (UCO) | G68: Custo Oper. (R$) | H68: Filme (m²) | I68: TOTAL CBHPM (R$) | J68: Observações
B69: 2.01.02.03-8 | C69: Monitorização ambulatorial da pressão arterial - MAPA (24 horas) | D69: 2A | E69: =1*INDEX(Parametros!$C$9:$F$50,MATCH("2A",Parametros!$B$9:$B$50,0),MATCH(Parametros!$C$5,Parametros!$C$8:$F$8,0)) -> 107 | F69: 12 | G69: =F69*Parametros!$C$4 -> 357.6 | I69: =E69+G69 -> 464.6
B70: 2.01.02.02-0 | C70: Holter de 24 horas - 3 canais - digital | D70: 2A | E70: =1*INDEX(Parametros!$C$9:$F$50,MATCH("2A",Parametros!$B$9:$B$50,0),MATCH(Parametros!$C$5,Parametros!$C$8:$F$8,0)) -> 107 | F70: 12 | G70: =F70*Parametros!$C$4 -> 357.6 | I70: =E70+G70 -> 464.6
B71: 2.01.02.01-1 | C71: Holter de 24 horas - 2 ou mais canais - analógico | D71: 2A | E71: =1*INDEX(Parametros!$C$9:$F$50,MATCH("2A",Parametros!$B$9:$B$50,0),MATCH(Parametros!$C$5,Parametros!$C$8:$F$8,0)) -> 107 | F71: 8.1 | G71: =F71*Parametros!$C$4 -> 241.38 | I71: =E71+G71 -> 348.38
B72: 4.01.01.01-0 | C72: ECG convencional de até 12 derivações | D72: 1B | E72: =1*INDEX(Parametros!$C$9:$F$50,MATCH("1B",Parametros!$B$9:$B$50,0),MATCH(Parametros!$C$5,Parametros!$C$8:$F$8,0)) -> 53.48 | F72: 0.75 | G72: =F72*Parametros!$C$4 -> 22.35 | I72: =E72+G72 -> 75.83
B73: 4.01.03.17-0 | C73: EEG de rotina | D73: 5A | E73: =1*INDEX(Parametros!$C$9:$F$50,MATCH("5A",Parametros!$B$9:$B$50,0),MATCH(Parametros!$C$5,Parametros!$C$8:$F$8,0)) -> 528.93 | F73: 14.834 | G73: =F73*Parametros!$C$4 -> 442.0532 | I73: =E73+G73 -> 970.9832 | J73: EEG simples; fotoestimulação/hiperventilação inclusas na rotina
B74: 4.01.03.23-4 | C74: Eletroencefalograma em vigília, e sono espontâneo ou induzido (inclui análise quantitativa/EEG Quantitativo - mapeamento) | D74: 5C | E74: =1*INDEX(Parametros!$C$9:$F$50,MATCH("5C",Parametros!$B$9:$B$50,0),MATCH(Parametros!$C$5,Parametros!$C$8:$F$8,0)) -> 606.5 | F74: 22.561 | G74: =F74*Parametros!$C$4 -> 672.3178 | I74: =E74+G74 -> 1278.8178 | J74: EEG com mapeamento cerebral (análise quantitativa)
B75: 4.01.05.07-5 | C75: Prova de função pulmonar completa (ou espirometria) | D75: 2B | E75: =1*INDEX(Parametros!$C$9:$F$50,MATCH("2B",Parametros!$B$9:$B$50,0),MATCH(Parametros!$C$5,Parametros!$C$8:$F$8,0)) -> 141.05 | F75: 4 | G75: =F75*Parametros!$C$4 -> 119.2 | I75: =E75+G75 -> 260.25
B76: 4.01.01.06-1 | C76: Ergoespirometria ou teste cardiopulmonar de exercício completo (espirometria forçada, consumo de O2, produção de CO2, ECG, oximetria) | D76: 3B | E76: =1*INDEX(Parametros!$C$9:$F$50,MATCH("3B",Parametros!$B$9:$B$50,0),MATCH(Parametros!$C$5,Parametros!$C$8:$F$8,0)) -> 291.5 | F76: 11 | G76: =F76*Parametros!$C$4 -> 327.8 | I76: =E76+G76 -> 619.3
B78: EXAMES LABORATORIAIS (25 mais comuns — catálogo completo sob consulta)
B79: Código CBHPM | C79: Exame | D79: Porte | E79: Valor Porte (R$) | F79: Custo Oper. (UCO) | G79: Custo Oper. (R$) | H79: Filme (m²) | I79: TOTAL CBHPM (R$) | J79: Observações
B80: 4.03.04.36-1 | C80: Hemograma com contagem de plaquetas ou frações (eritrograma, leucograma, plaquetas) | D80: 0,01 de 1A | E80: =0.01*INDEX(Parametros!$C$9:$F$50,MATCH("1A",Parametros!$B$9:$B$50,0),MATCH(Parametros!$C$5,Parametros!$C$8:$F$8,0)) -> 0.2674 | F80: 0.87 | G80: =F80*Parametros!$C$4 -> 25.926 | I80: =E80+G80 -> 26.1934
B81: 4.03.02.04-0 | C81: Glicose | D81: 0,01 de 1A | E81: =0.01*INDEX(Parametros!$C$9:$F$50,MATCH("1A",Parametros!$B$9:$B$50,0),MATCH(Parametros!$C$5,Parametros!$C$8:$F$8,0)) -> 0.2674 | F81: 0.387 | G81: =F81*Parametros!$C$4 -> 11.5326 | I81: =E81+G81 -> 11.8
B82: 4.03.02.73-3 | C82: Hemoglobina glicada (Fração A1c), dosagem | D82: 0,10 de 1A | E82: =0.1*INDEX(Parametros!$C$9:$F$50,MATCH("1A",Parametros!$B$9:$B$50,0),MATCH(Parametros!$C$5,Parametros!$C$8:$F$8,0)) -> 2.674 | F82: 3.267 | G82: =F82*Parametros!$C$4 -> 97.3566 | I82: =E82+G82 -> 100.0306
B83: 4.03.01.60-5 | C83: Colesterol total, dosagem | D83: 0,01 de 1A | E83: =0.01*INDEX(Parametros!$C$9:$F$50,MATCH("1A",Parametros!$B$9:$B$50,0),MATCH(Parametros!$C$5,Parametros!$C$8:$F$8,0)) -> 0.2674 | F83: 0.387 | G83: =F83*Parametros!$C$4 -> 11.5326 | I83: =E83+G83 -> 11.8
B84: 4.03.01.58-3 | C84: Colesterol (HDL), dosagem | D84: 0,01 de 1A | E84: =0.01*INDEX(Parametros!$C$9:$F$50,MATCH("1A",Parametros!$B$9:$B$50,0),MATCH(Parametros!$C$5,Parametros!$C$8:$F$8,0)) -> 0.2674 | F84: 0.54 | G84: =F84*Parametros!$C$4 -> 16.092 | I84: =E84+G84 -> 16.3594
B85: 4.03.01.59-1 | C85: Colesterol (LDL), dosagem | D85: 0,01 de 1A | E85: =0.01*INDEX(Parametros!$C$9:$F$50,MATCH("1A",Parametros!$B$9:$B$50,0),MATCH(Parametros!$C$5,Parametros!$C$8:$F$8,0)) -> 0.2674 | F85: 0.72 | G85: =F85*Parametros!$C$4 -> 21.456 | I85: =E85+G85 -> 21.7234
B86: 4.03.02.75-0 | C86: Perfil lipídico / lipidograma (lipídios totais, colesterol, triglicerídios e frações) | D86: 0,10 de 1A | E86: =0.1*INDEX(Parametros!$C$9:$F$50,MATCH("1A",Parametros!$B$9:$B$50,0),MATCH(Parametros!$C$5,Parametros!$C$8:$F$8,0)) -> 2.674 | F86: 3.267 | G86: =F86*Parametros!$C$4 -> 97.3566 | I86: =E86+G86 -> 100.0306
B87: 4.03.02.54-7 | C87: Triglicerídeos, dosagem | D87: 0,01 de 1A | E87: =0.01*INDEX(Parametros!$C$9:$F$50,MATCH("1A",Parametros!$B$9:$B$50,0),MATCH(Parametros!$C$5,Parametros!$C$8:$F$8,0)) -> 0.2674 | F87: 0.54 | G87: =F87*Parametros!$C$4 -> 16.092 | I87: =E87+G87 -> 16.3594
B88: 4.03.02.50-4 | C88: Transaminase oxalacética/TGO (amino transferase aspartato - AST), dosagem | D88: 0,01 de 1A | E88: =0.01*INDEX(Parametros!$C$9:$F$50,MATCH("1A",Parametros!$B$9:$B$50,0),MATCH(Parametros!$C$5,Parametros!$C$8:$F$8,0)) -> 0.2674 | F88: 0.72 | G88: =F88*Parametros!$C$4 -> 21.456 | I88: =E88+G88 -> 21.7234
B89: 4.03.02.51-2 | C89: Transaminase pirúvica/TGP (amino transferase de alanina - ALT), dosagem | D89: 0,01 de 1A | E89: =0.01*INDEX(Parametros!$C$9:$F$50,MATCH("1A",Parametros!$B$9:$B$50,0),MATCH(Parametros!$C$5,Parametros!$C$8:$F$8,0)) -> 0.2674 | F89: 0.72 | G89: =F89*Parametros!$C$4 -> 21.456 | I89: =E89+G89 -> 21.7234
B90: 4.03.02.58-0 | C90: Ureia, dosagem | D90: 0,01 de 1A | E90: =0.01*INDEX(Parametros!$C$9:$F$50,MATCH("1A",Parametros!$B$9:$B$50,0),MATCH(Parametros!$C$5,Parametros!$C$8:$F$8,0)) -> 0.2674 | F90: 0.387 | G90: =F90*Parametros!$C$4 -> 11.5326 | I90: =E90+G90 -> 11.8
B91: 4.03.01.63-0 | C91: Creatinina, dosagem | D91: 0,01 de 1A | E91: =0.01*INDEX(Parametros!$C$9:$F$50,MATCH("1A",Parametros!$B$9:$B$50,0),MATCH(Parametros!$C$5,Parametros!$C$8:$F$8,0)) -> 0.2674 | F91: 0.387 | G91: =F91*Parametros!$C$4 -> 11.5326 | I91: =E91+G91 -> 11.8
B92: 4.03.01.15-0 | C92: Ácido úrico, dosagem | D92: 0,01 de 1A | E92: =0.01*INDEX(Parametros!$C$9:$F$50,MATCH("1A",Parametros!$B$9:$B$50,0),MATCH(Parametros!$C$5,Parametros!$C$8:$F$8,0)) -> 0.2674 | F92: 0.387 | G92: =F92*Parametros!$C$4 -> 11.5326 | I92: =E92+G92 -> 11.8
B93: 4.03.16.52-1 | C93: Tireoestimulante, hormônio (TSH), dosagem | D93: 0,01 de 1A | E93: =0.01*INDEX(Parametros!$C$9:$F$50,MATCH("1A",Parametros!$B$9:$B$50,0),MATCH(Parametros!$C$5,Parametros!$C$8:$F$8,0)) -> 0.2674 | F93: 2.041 | G93: =F93*Parametros!$C$4 -> 60.8218 | I93: =E93+G93 -> 61.0892
B94: 4.03.16.49-1 | C94: T4 livre, dosagem | D94: 0,01 de 1A | E94: =0.01*INDEX(Parametros!$C$9:$F$50,MATCH("1A",Parametros!$B$9:$B$50,0),MATCH(Parametros!$C$5,Parametros!$C$8:$F$8,0)) -> 0.2674 | F94: 2.553 | G94: =F94*Parametros!$C$4 -> 76.0794 | I94: =E94+G94 -> 76.3468
B95: 4.03.16.14-9 | C95: Antígeno específico prostático total (PSA), dosagem | D95: 0,04 de 1A | E95: =0.04*INDEX(Parametros!$C$9:$F$50,MATCH("1A",Parametros!$B$9:$B$50,0),MATCH(Parametros!$C$5,Parametros!$C$8:$F$8,0)) -> 1.0696 | F95: 2.43 | G95: =F95*Parametros!$C$4 -> 72.414 | I95: =E95+G95 -> 73.4836
B96: 4.03.11.21-0 | C96: Rotina de urina / EAS (caracteres físicos, elementos anormais e sedimentoscopia) | D96: 0,04 de 1A | E96: =0.04*INDEX(Parametros!$C$9:$F$50,MATCH("1A",Parametros!$B$9:$B$50,0),MATCH(Parametros!$C$5,Parametros!$C$8:$F$8,0)) -> 1.0696 | F96: 0.81 | G96: =F96*Parametros!$C$4 -> 24.138 | I96: =E96+G96 -> 25.2076
B97: 4.03.10.21-3 | C97: Cultura, urina com contagem de colônias (urocultura) | D97: 0,04 de 1A | E97: =0.04*INDEX(Parametros!$C$9:$F$50,MATCH("1A",Parametros!$B$9:$B$50,0),MATCH(Parametros!$C$5,Parametros!$C$8:$F$8,0)) -> 1.0696 | F97: 1.8 | G97: =F97*Parametros!$C$4 -> 53.64 | I97: =E97+G97 -> 54.7096
B98: 4.03.10.41-8 | C98: Antibiograma (teste de sensibilidade a antibióticos e quimioterápicos) | D98: 0,10 de 1A | E98: =0.1*INDEX(Parametros!$C$9:$F$50,MATCH("1A",Parametros!$B$9:$B$50,0),MATCH(Parametros!$C$5,Parametros!$C$8:$F$8,0)) -> 2.674 | F98: 2.484 | G98: =F98*Parametros!$C$4 -> 74.0232 | I98: =E98+G98 -> 76.6972
B99: 4.03.03.11-0 | C99: Parasitológico nas fezes | D99: 0,04 de 1A | E99: =0.04*INDEX(Parametros!$C$9:$F$50,MATCH("1A",Parametros!$B$9:$B$50,0),MATCH(Parametros!$C$5,Parametros!$C$8:$F$8,0)) -> 1.0696 | F99: 0.927 | G99: =F99*Parametros!$C$4 -> 27.6246 | I99: =E99+G99 -> 28.6942
B100: 4.03.05.75-9 | C100: Hormônio gonadotrófico coriônico qualitativo (HCG-Beta-HCG), pesquisa | D100: 0,01 de 1A | E100: =0.01*INDEX(Parametros!$C$9:$F$50,MATCH("1A",Parametros!$B$9:$B$50,0),MATCH(Parametros!$C$5,Parametros!$C$8:$F$8,0)) -> 0.2674 | F100: 1.67 | G100: =F100*Parametros!$C$4 -> 49.766 | I100: =E100+G100 -> 50.0334
B101: 4.03.05.76-7 | C101: Hormônio gonadotrófico coriônico quantitativo (Beta-HCG), dosagem | D101: 0,01 de 1A | E101: =0.01*INDEX(Parametros!$C$9:$F$50,MATCH("1A",Parametros!$B$9:$B$50,0),MATCH(Parametros!$C$5,Parametros!$C$8:$F$8,0)) -> 0.2674 | F101: 2.041 | G101: =F101*Parametros!$C$4 -> 60.8218 | I101: =E101+G101 -> 61.0892
B102: 4.03.07.76-0 | C102: Sífilis - VDRL | D102: 0,04 de 1A | E102: =0.04*INDEX(Parametros!$C$9:$F$50,MATCH("1A",Parametros!$B$9:$B$50,0),MATCH(Parametros!$C$5,Parametros!$C$8:$F$8,0)) -> 1.0696 | F102: 0.72 | G102: =F102*Parametros!$C$4 -> 21.456 | I102: =E102+G102 -> 22.5256
B103: 4.03.07.17-4 | C103: HIV1 ou HIV2, pesquisa de anticorpos (anti-HIV) | D103: 0,10 de 1A | E103: =0.1*INDEX(Parametros!$C$9:$F$50,MATCH("1A",Parametros!$B$9:$B$50,0),MATCH(Parametros!$C$5,Parametros!$C$8:$F$8,0)) -> 2.674 | F103: 2.844 | G103: =F103*Parametros!$C$4 -> 84.7512 | I103: =E103+G103 -> 87.4252
B104: 4.03.16.27-0 | C104: Ferritina, dosagem | D104: 0,01 de 1A | E104: =0.01*INDEX(Parametros!$C$9:$F$50,MATCH("1A",Parametros!$B$9:$B$50,0),MATCH(Parametros!$C$5,Parametros!$C$8:$F$8,0)) -> 0.2674 | F104: 2.097 | G104: =F104*Parametros!$C$4 -> 62.4906 | I104: =E104+G104 -> 62.758
B105: 4.03.02.83-0 | C105: Vitamina "D" 25 hidróxi (vitamina D3), dosagem | D105: 0,01 de 1A | E105: =0.01*INDEX(Parametros!$C$9:$F$50,MATCH("1A",Parametros!$B$9:$B$50,0),MATCH(Parametros!$C$5,Parametros!$C$8:$F$8,0)) -> 0.2674 | F105: 1.796 | G105: =F105*Parametros!$C$4 -> 53.5208 | I105: =E105+G105 -> 53.7882
B106: 4.03.16.57-2 | C106: Vitamina B12, dosagem | D106: 0,01 de 1A | E106: =0.01*INDEX(Parametros!$C$9:$F$50,MATCH("1A",Parametros!$B$9:$B$50,0),MATCH(Parametros!$C$5,Parametros!$C$8:$F$8,0)) -> 0.2674 | F106: 1.764 | G106: =F106*Parametros!$C$4 -> 52.5672 | I106: =E106+G106 -> 52.8346
B107: 4.03.04.59-0 | C107: Tempo de protrombina (TAP/INR), determinação | D107: 0,01 de 1A | E107: =0.01*INDEX(Parametros!$C$9:$F$50,MATCH("1A",Parametros!$B$9:$B$50,0),MATCH(Parametros!$C$5,Parametros!$C$8:$F$8,0)) -> 0.2674 | F107: 0.567 | G107: =F107*Parametros!$C$4 -> 16.8966 | I107: =E107+G107 -> 17.164
B109: TOXICOLÓGICO
C110: Toxicológico de larga janela (CNH/CLT): SEM código CBHPM — precificar por tabela própria/mercado. CBHPM cobre apenas analitos isolados (ex.: anfetaminas 4.03.01.33-8, cocaína 4.03.01.57-5, etanol 4.03.13.14-0).

Sheet Leia-me
B2: LEIA-ME — TABELA DE EXAMES CBHPM · TOTAL QUALITY MEDICINA DIAGNÓSTICA
B4: Como usar
B5: • As células AMARELAS na aba Parametros são editáveis: valor da UCO (C4) e Faixa de negociação (C5, lista suspensa: ORIGINAL, FAIXA I, II, III).
B6: • As colunas 'Valor Porte', 'Custo Oper. (R$)' e 'TOTAL CBHPM' recalculam automaticamente a partir desses parâmetros.
B7: • TOTAL CBHPM = Valor do Porte (honorário) + Custo Operacional (nº de UCO × valor da UCO). O filme (m²) é informativo e NÃO está somado (clínica digital).
B8: • Exemplo de leitura: US Abdome total = porte 3A (R$ 228,07 na faixa Original) + 5,85 UCO × R$ 29,80 = R$ 402,40.
B10: Fontes (verificadas em 31/07/2026)
B11: • Códigos, portes, nº de UCO e filme: CBHPM 2018 — PDF do acervo no Google Drive (2018-cbhpm-portal-do-faturamento-hospitalar.pdf). 100% extraído do documento, sem estimativas.
B12: • Valores de porte e UCO R$ 29,80: Comunicado Oficial CBHPM/AMB de 18/10/2025 (INPC 5,10%; vigência out/2025–set/2026), com as 4 faixas de negociação.
B14: Avisos importantes
B15: • CBHPM é REFERENCIAL: o valor pago por cada operadora segue o CONTRATO (edição contratada + deságio/ágio + UCO contratual). Para particular, a clínica define o preço final.
B16: • A edição-base vigente da CBHPM é a de 2022 (com RNs até a 071/2026). Esta tabela usa a edição 2018 (acervo disponível) — pode haver diferenças pontuais de porte/UCO em relação à 2022.
... B21: • Laboratório: portes expressos como fração do porte 1A (padrão CBHPM). O catálogo de +3.000 exames segue a mesma lógica — esta aba traz os 25 mais comuns.
